﻿Designator,Footprint,Quantity,Value,LCSC Part #
"AE1, AE2",2.4GHz-meander-antenna,2,Antenna,
"BT1, BT2, BT3",BatteryHolder_Keystone_1057_1x2032,3,Battery_Cell,
"C1, C30, C31, C33, C5, C7",0402,6,4.7uF,
"C10, C44",0402,2,47nF,
"C11, C18, C25, C27, C32, C35, C38, C39, C4, C46, C47, C48, C54, C59, C62, C63, C70, C71, C73, C74, C76",0402,21,100nF,
"C12, C53",0402,2,820pF,
"C13, C49, C56",0402,3,1pF,
"C14, C15, C2, C28, C29, C3, C51, C52, C68, C69",0402,10,12pF,
"C16, C55",0402,2,100pF,
C17,0402,1,1.2pF,
"C19, C58, C8",0402,3,2.2uF,
"C20, C21, C22, C24, C26, C34, C43, C50, C6, C60, C9",0402,11,1uF,
"C23, C40, C41, C42, C45, C72, C75",0402,7,10uF,
"C36, C37",0402,2,22uF,
C57,0402,1,1.5pF,
C61,0402,1,10nF,
C64,0402,1,56pF,
C65,0402,1,68pF,
"C66, C67",0402,2,47uF,
"C77, C78",0402,2,22pf,
"D1, D33",0402,2,BLUE,
"D10, D11, D12, D13, D14, D15, D16, D17, D18, D19, D20, D21, D22, D23, D24, D25, D26, D27, D28, D29, D30, D31, D32, D6, D7, D8, D9",Led-ARGB,27,argb_led,
D2,0402,1,LED,
"D34, D35",0402,2,White,
D4,0402,1,WHITE_LED,
D5,D_SOD-323_HandSoldering,1,1N5819,
F1,0805,1,Polyfuse,
"J1, J2, J3, J5",PinHeader_1x02_P2.54mm_Vertical,4,Conn_01x02_Pin,
"J4, J9",PinSocket_1x04_P2.54mm_Vertical,2,Conn_01x04_Socket,
J6,PinHeader_1x04_P1.27mm_Vertical,1,Conn_01x04_Pin,
"J7, J8",USB-C_C168688,2,USB_C_Receptacle_USB2.0,
"JP2, JP3, JP4, JP5, JP6",SolderBridge,5,SolderJumper_2_Open,
"JP7, JP8",SolderJumper-3_P1.3mm_Open_RoundedPad1.0x1.5mm,2,Jumper_3_Open,
JP9,SolderJumper-2_P1.3mm_Bridged_RoundedPad1.0x1.5mm,1,Jumper_2_Bridged,
"L1, L7",0402,2,10uH,
"L10, L9",0603,2,12uH,
"L2, L6",0402,2,15nH,
L3,0402,1,4.7nH,
L4,0402,1,2.2nH,
L5,L_Chilisin_BMRA00050520,1,2.2uH,
L8,0402,1,3.9nH,
"Q1, Q2",Mosfet0402,2,NMOS-CSD17381F4,
"Q10, Q7, Q9",SOT-23-3,3,PMOS-BSS84,
"Q3, Q4, Q5",Mosfet0402,3,PMOS-CSD25483F4,
Q8,TSOT-23,1,IRLML6344,
"R1, R2, R33, R46",0402,4,0r,
R10,0402,1,3k,
"R11, R12, R17, R25",0402,4,4.7K,
"R13, R3, R31, R35, R37, R47, R48, R49, R8, R9, TH1",0402,11,10k,
"R14, R32",0402,2,*50r,
"R15, R20, R30",0402,3,1K,
"R16, R28, R54, R55, R56, R57",0402,6,5.1K,
"R18, R23",0402,2,120K,
R19,0402,1,51K,
"R21, R22",0402,2,68K,
R24,0402,1,91K,
R26,0402,1,100r,
R27,0402,1,0.5r,
"R34, R38, R45, R6",0402,4,2M,
"R36, R41, R43",0402,3,100K,
"R39, R40",0402,2,442K,
"R4, R5, R50",0402,3,1.5k,
R42,0402,1,22K,
R44,0402,1,13K,
"R51, R52",0402,2,510Ω,
R53,0402,1,1M,
"R58, R59, R7",0402,3,220r,
"S2, S3, S4",button 3x3,3,Button 3*3*1.5,
"SW1, SW3",SW_DIP_SPSTx06_Slide_Copal_CHS-06B_W7.62mm_P1.27mm,2,SW_DIP_x06,
"SW2, SW5, SW6",MST-12C05 SLIDEBUTTON,3,SW_DPDT_x2,
SW4,16mmCompButton,1,SW_Push,
"TP1, TP10, TP11, TP12, TP13, TP14, TP15, TP18, TP2, TP3, TP4, TP5, TP6, TP7, TP8, TP9",TestPoint_Pad_D1.0mm,16,TestPoint,
"U1, U13",Texas_DSBGA-9_1.62mmx1.58mm_Layout3x3_P0.5mm,2,BQ27427,
U10,QFN-24-1EP_4x4mm_P0.5mm_EP2.7x2.6mm,1,battery_charger,
U11,AQFN-73-1EP_7x7mm_P0.5mm_NRF52840-custom,1,nRF52840_aQFN73,C190794
"U12, U8",Texas_DSBGA-6_0.9x1.4mm_Layout2x3_P0.5mm,2,TS5A3159AYZPR,
"U14, U9",BGA4N50P2X2_88X88X50N,2,TPS22910A,
"U15, U16",TSOT-23,2,A3144e,
U17,debug pins,1,~,
U18,pogopin,1,pogopins,
U19,LGA-14_3x2.5mm_P0.5mm_LayoutBorder3x4y,1,LSM6DS3,
U2,nrf52833,1,nrf52833_qfn40,
"U20, U21",SOT-23-6,2,TPS54202DDC,
U22,LQFP-48_7x7mm_P0.5mm,1,STM32F103CBTx,
U23,SOT-23-5,1,AP2112K-3.3,
"U24, U3",FPC,2,Conn_01x14_Socket,
U25,SOT-23-6-Small,1,TLV493D,
U26,1615 RGB SMD LED,1,1615 RGB SMD LED,
U4,DRV 6PIN,1,TPS709,
U5,SOIC-8-1EP_3.9x4.9mm_P1.27mm_EP2.514x3.2mm,1,AS5600,
U6,Texas_DSBGA-8_0.705x1.468mm_Layout2x4_P0.4mm,1,BQ25180,
U7,LGA-14_3x2.5mm_P0.5mm_LayoutBorder3x4y,1,LSM6DSO,
X1,Crystal_SMD_2012-2Pin_2.0x1.2mm,1,32.768 kHz,
X2,Crystal_SMD_2016-4Pin_2.0x1.6mm,1,32MHZ,
X3,Crystal_SMD_2012-2Pin_2.0x1.2mm,1,32.768 kHz,C97607
X4,Crystal_SMD_2016-4Pin_2.0x1.6mm,1,32MHZ,C255896
Y1,Crystal_SMD_3215-2Pin_3.2x1.5mm,1,32.768KHZ,
Y2,Crystal_SMD_3225-4Pin_3.2x2.5mm,1,8Mhz,
